id,file,style,durasi_s,resolusi,frame,format_ok,p1_7bulan,p2_tarikh_harga,p3_cta,p4_halal_jakim_wqa,p5_neon,lulus,klip,nota
V01,S1-V01-v1.mp4,S1,20.000,1080x1920,600,True,True,True,True,True,True,True,C03 C06 C17 C20 C21 C33 C41 C46 C60,
V02,S1-V02-v1.mp4,S1,20.000,1080x1920,600,True,True,True,True,True,True,True,C03 C06 C17 C21 C36 C40 C43 C44 C52,
V03,S1-V03-v1.mp4,S1,20.000,1080x1920,600,True,True,True,True,True,True,True,C03 C06 C17 C20 C39 C41 C42 C45 C46,
V04,S1-V04-v1.mp4,S1,20.000,1080x1920,600,True,True,True,True,True,True,True,C24 C29 C31 C32 C33 C34 C45 C46 C60,
V05,S2-V05-v1.mp4,S2,20.000,1080x1920,600,True,True,True,True,True,True,True,C03 C06 C17 C20 C21 C24 C33 C34 C60,
V06,S2-V06-v1.mp4,S2,20.000,1080x1920,600,True,True,True,True,True,True,True,C06 C17 C36 C40 C43 C44 C45 C46 C52,
V07,S2-V07-v1.mp4,S2,20.000,1080x1920,600,True,True,True,True,True,True,True,C03 C13 C24 C28 C29 C31 C33 C34 C60,
V08,S2-V08-v1.mp4,S2,20.000,1080x1920,600,True,True,True,True,True,True,True,C03 C06 C17 C20 C21 C24 C31 C41 C45,
V09,S3-V09-v1.mp4,S3,20.000,1080x1920,600,True,True,True,True,True,True,True,C03 C17 C20 C21 C39 C41 C42 C45 C46,
V10,S3-V10-v1.mp4,S3,20.000,1080x1920,600,True,True,True,True,True,True,True,C03 C06 C17 C20 C21 C34 C41 C45 C60,
V11,S3-V11-v1.mp4,S3,20.000,1080x1920,600,True,True,True,True,True,True,True,C03 C06 C17 C20 C36 C40 C43 C44 C52,
V12,S3-V12-v1.mp4,S3,20.000,1080x1920,600,True,True,True,True,True,True,True,C03 C06 C17 C20 C21 C24 C28 C29 C33,
V13,S4-V13-v1.mp4,S4,20.000,1080x1920,600,True,True,True,True,True,True,True,C03 C06 C13 C17 C20 C21 C24 C28 C29,
V14,S4-V14-v1.mp4,S4,20.000,1080x1920,600,True,True,True,True,True,True,True,C03 C06 C20 C21 C39 C41 C42 C45 C46,
V15,S4-V15-v1.mp4,S4,20.000,1080x1920,600,True,True,True,True,True,True,True,C03 C06 C17 C20 C21 C32 C34 C41 C46,
