tag,file,drive_id
talking_head,Man_talking_about_water_purifier_202607150152.mp4,108QM1bUljaLbqvU2vY7Ry9gPeoIEOkzW
talking_head,Man_talking_about_water_purifier_202608010730.mp4,1DdJO2V66NSbCvLzjpjHgHqkOMVRJACwI
talking_head,Man_recommending_water_purifier_1080p_20260917132342.mp4,1kZ4TjT97cODBrhXovP3VG-jMXSoHXT_0
talking_head,Man_presenting_water_purifier_fe…_20260915233757.mp4,1YgZ73l4x97w263FXhXq6LkSvbRKM733f
talking_head,Presenter_demonstrating_water_pu…_1080p_20260915233814.mp4,1F6mYvgMSOMVYYGexdE8io1Qo_r9wsWI3
talking_head,Man_reviewing_water_purifier_202608261344.mp4,1CccztniWWPngFI0ZMAB0Bbnijhq-Lth_
talking_head,Man_reviewing_water_filter_in_202608131118.mp4,1_VQobV-ozQmYOSDC9iiRuK9DnLQeHl8T
talking_head,Woman_beside_water_purifier_202608030127.mp4,1YYtT1cN8zmlx5KA6hie8CqFzZCegXE_K
talking_head,Woman_beside_water_purifier_202608030140.mp4,1ZDgHxdcVNK6LkjZzTzy-PaF5GxegNLt0
talking_head,Man_presenting_water_dispenser_1080p_20260916004407.mp4,1_FXxfrv-DibYsSlA8Vl2Wl7CbtJin-r0
talking_head,Man_recording_product_video_kitchen_202608261317.mp4,1-eq2uSiM6xxZ_ht7InQWQV4AAhTyNBat
talking_head,Creating_UGC_video_script_202608261318.mp4,1vqbGHPdrXfZo-OGSf9KO8ef93raqoh3i
talking_head,Coway_salesman_promotional_videos_202607081336.mp4,1Tj0Znw1MZhY7eXioyRtbNA5Orb0IcFMJ
produk_guna,Hand_using_water_purifier_counter_20260926125236.mp4,11JsDQUNJZ5VxGEid8Nnlk1El9uXyybK8
produk_guna,Woman_operating_water_purifier_202608250309.mp4,14Yw4_vRB1pa2y8-y5rnBsis337_Vgcg_
produk_guna,Person_operating_water_purifier_202608250400.mp4,1RhHcvxpfzBXhdhDsXFgRnzS_zZbktEYV
produk_guna,Woman_using_water_purifier_202607201605.mp4,16I33H8EHqG9l4R4qfusWSvh0kPnND0TE
produk_guna,Person_pointing_at_water_filter_202608131104.mp4,1SO7lMk7Ufp09EVUjxrA80jkobc1zOc_G
produk_guna,Water_purifier_video_production_…_202608250415.mp4,1yOla0PueSj9TD64gsk5gqFRajd-Jbbiy
produk_guna,Water_purifier_video_production_…_202608261344.mp4,1u-VixGwLwK27Qo2rRF1w2166sILOpGaY
produk_guna,Water_purifier_video_script_gene…_202608261344.mp4,1cQSjTzxqQz8gW0Se2EspVRHkOqmD_PRj
produk_guna,Water_dispenser_video_script_pro…_202608261318.mp4,1QPsFGoTfRkkXE9eMlE2x_Iuze4_UA8Xl
susu_bayi,Preparing_baby_milk_at_night_202608131529.mp4,1bog1oKfZ2fT4wu5U2YMbh_evEUIaBBiw
susu_bayi,Preparing_baby_milk_at_night_202608122336.mp4,1lU3S2jcgrj0upBAnS3VHl4aQWdqBjch7
susu_bayi,Preparing_midnight_baby_milk_202608041136.mp4,15enQPGPNQtZtBe53WXhCgj1a1_cxShQp
susu_bayi,Woman_preparing_milk_at_night_202608131208.mp4,1fxW2P8WAlT0N_EOEM2jayotp0d3UueI1
susu_bayi,Woman_preparing_baby_milk_at_202608211618.mp4,1XYRh21srs4yeV2zmmZ79-n142Egmg8RY
susu_bayi,Woman_preparing_baby_milk_at_202607260117.mp4,1oqNarkEFmYr4VldUx8QqWimF0rhhw2N7
susu_bayi,Woman_preparing_baby_bottle_water_202608211612.mp4,1vy1ODomHpK3fzIzi33C5i4Dasfo0pF0z
susu_bayi,Preparing_milk_with_water_dispenser_202608141400.mp4,16UZkB4hYXKLkMuBWvD1zzITg3AcuBdOY
susu_bayi,Preparing_baby_milk_with_dispenser_202608211557.mp4,1w-aHcwDmcOstbcUhfPAunrWULz4E59Y4
susu_bayi,Parent_preparing_milk_using_wate…_20260918163820.mp4,1l9jEHfc0ppDkF4CFDc1qM6wujgiQz4dr
susu_bayi,Parent_preparing_baby_bottle_1080p_20260918163845.mp4,1Pa5zu3t4SgagX6kcTS2nVps0wnlx3c6d
susu_bayi,Preparing_baby_bottle_with_water_20260917135112.mp4,19QWle12wcl31DjrCAmO2T06S9e_2hLME
susu_bayi,Preparing_baby_bottle_with_water…_202609070100.mp4,1h_aWgtGlLrSR8qaoFlF0vw0xwKvu2Dpd
komersial,Coway_water_filter_video_promo_20260921225210.mp4,1adjIg_ErUif4I4WIGmJlfA2MirqpEfDQ
komersial,Coway_promotional_video_script_1080p_20260921225345.mp4,1HiClH6hBWKSmQI8Ax5dRDVfR9d1UEhsc
komersial,Coway_promotional_video_producti…_1080p_20260921224312.mp4,1HoqeB079czl6-4afiGWgVyB845ri8Gdj
komersial,Coway_promotional_video_production_1080p_20260922003240.mp4,1OV-NA73phnEq80TdzmNrcXXgiAPq5u_c
komersial,Coway_water_purifiers_commercial…_1080p_20260922012251.mp4,1neAoRMD5vsmfwwYFSvj7FLithxab9GEf
komersial,Commercial_video_for_Coway_products_20260922012248.mp4,1YNX-dLiIN7RANA_iu_Sz-yTKnpASlOOa
komersial,Coway_commercial_video_production_1080p_20260922015747.mp4,1vSOZli-5u8Q7m3DOXliJRbo1105oq26r
komersial,Coway_commercial_video_production_1080p_20260922020049.mp4,1KfZP6S6QmycMEz508ppOuXjcdFgwHFZt
komersial,Coway_product_commercial_video_p…_20260924000311.mp4,1WrnVKUlaBTTagkmmEDbKRbFLMi7rP43W
komersial,Product_commercial_video_prompt_1080p_20260924000316.mp4,1veHNHsh_8he-dW6jb8JD87yGT8T5HDDv
komersial,Coway_showroom_promotional_video_1080p_20260922004001.mp4,1ABPJ1ve7npseNQ-OR5DAqOM631Zhfv5B
komersial,Product_advertisement_for_water_…_20260916002355.mp4,139aRoJ6SkgX649UZ0ZTWAGwLKuBk2Z1w
komersial,OMNI_VIDEO_PROMPT_1080p_202607101228.mp4,1gY3wkgTZNcJTdxbMSoNWz5Bgq2TDF4C0
model_lain,Man_promoting_Coway_Villaem_202608011053.mp4,1bXs0tefwNpsvcOTQ2tN6ignDfNEa21Wd
model_lain,Man_promoting_Coway_Villaem_202608010843.mp4,16TSGNgPCYFdDSrcG3olpWGcYIDy4ZqbT
model_lain,Woman_promoting_Coway_Villaem_202608030139.mp4,1Gg2m3prvAc_BBxY1iM0xiwz1DITvd7rP
model_lain,Dispensing_ice_into_glass_202608250302.mp4,1uE8Fmte3NF7uGxd9IuowaE8PrZzdrDqm
model_lain,AIS_2_202609070101.mp4,1KVTyFoU9Hni1Ou9XoEcsbki-uWB4ulqP
model_lain,AIS_3_202609070057.mp4,1zr2iWS_IWLrqmaMyv3kQy1HkUxi3vd3Q
semak_dulu,Initial_Scene_-_2026-08-20_202608201540.mp4,1CgtxWyYi0_APavIskLqeqg7jGdEGoYg9
semak_dulu,Untitled_Scene_09-04_19_12_02_202609050325.mp4,1sel-UxVYDbIQLeTUnsBxLMqQdTs0qIsJ
semak_dulu,Untitled_Scene_09-04_19_12_02_202609050354.mp4,1M22SMOpOcAB63eb2TkyfW1k5abx1etO4
semak_dulu,Untitled_Scene_09-04_19_12_02_202609070115.mp4,1mo0QwhuZ-5KTNZkVEQjtF7-ObSZWG6N_
semak_dulu,Untitled_Scene_09-07_05_00_18_202609071406.mp4,1Y4raoBMqGXoiuF29qvPDQecd48VM_Oxg
semak_dulu,Untitled_Scene_09-18_08_10_59_20260918161304.mp4,16-TsgM3tmMM6CgWIXS6Wm7GY1r6h2LQE
jangan_guna,Washer_Dryer_2_202609071400.mp4 (bukan water purifier),12ZmDEHpCuN2ZKICXnjY1Fx5erbR6Reh1
jangan_guna,Woman_advertising_air_conditione…_202608100035.mp4 (aircond),1FmpiS54588OSc9BMsalZFvNQT3K0LQME
jangan_guna,Man_talking_about_air_conditioner_202608231008.mp4 (aircond),1zzoZW7GforMfaFpASbnD1MiUB_fn5cP-
jangan_guna,Woman_turning_on_air_conditioner_202608100019.mp4 (aircond),166V7DdgFZJXSiTuWtQhA6wXP7v4gsi1p
jangan_guna,Woman_turning_on_air_conditioner_202608100003.mp4 (aircond),1RiENm44LBUm5iEMgL6FG6q_NgI2_vHzL
jangan_guna,Coway_air_conditioner_video_script_202608112258.mp4 (aircond),1PPuZCNOxcqEj0c3Rp9c6xVy23qoRy9xI
