id,file,style,style_name,hook_no,text_0_3s,text_3_7s,text_7_12s,text_12_16s,text_16_20s,voiceover,vo_words,clip_hook_tag,clip_body_tag
V01,S1-V01-v1.mp4,S1,Hentak Harga,1,RM20 DAH BOLEH PASANG COWAY,RM20/bulan · 7 bulan pertama,+ Freegift Premium Coway · Pasang free,Promo Ulangtahun ke-20 · Tamat 25 Oktober,WhatsApp sekarang,"RM20 sebulan. Ya, RM20 dah boleh pasang Coway Neon. Itu harga 7 bulan pertama, sempena Ulangtahun Coway ke-20. Pasang free, plus Freegift Premium Coway. Promo ni tamat 25 Oktober. WhatsApp sekarang.",31,komersial,produk_guna
V02,S1-V02-v1.mp4,S1,Hentak Harga,2,STOP SCROLL. RM20.,RM20/bulan · 7 bulan pertama,+ Freegift Premium Coway · Pasang free,Promo Ulangtahun ke-20 · Tamat 25 Oktober,WhatsApp sekarang,"Stop scroll. Coway Neon, pasang free, RM20 sebulan untuk 7 bulan pertama. Dapat Freegift Premium Coway lagi. Ini harga promo ulangtahun ke-20, bukan harga tetap. Lepas 25 Oktober, tutup. WhatsApp sekarang.",31,talking_head,model_lain
V03,S1-V03-v1.mp4,S1,Hentak Harga,1,RM20 · 7 BULAN,RM20/bulan · 7 bulan pertama,+ Freegift Premium Coway · Pasang free,Promo Ulangtahun ke-20 · Tamat 25 Oktober,WhatsApp sekarang,"RM20. 7 bulan pertama. Coway Neon terus pasang di rumah awak. Pasang free, Freegift Premium Coway pun dapat. Harga ni untuk sambut 20 tahun Coway, tamat 25 Oktober. WhatsApp sekarang.",30,produk_guna,komersial
V04,S1-V04-v1.mp4,S1,Hentak Harga,20,HARGA NI TAKKAN LAMA,RM20/bulan · 7 bulan pertama,+ Freegift Premium Coway · Pasang free,Promo Ulangtahun ke-20 · Tamat 25 Oktober,WhatsApp sekarang,"Harga ni takkan lama. Coway Neon RM20 sebulan untuk 7 bulan pertama. Pasang free. Freegift Premium Coway. Semua ni sempena Ulangtahun Coway ke-20, dan tamat 25 Oktober. Nak kunci harga ni? WhatsApp sekarang.",33,komersial,susu_bayi
V05,S2-V05-v1.mp4,S2,Countdown,4,PROMO RM20 DAH NAK HABIS,RM20/bulan · 7 bulan pertama,+ Freegift Premium Coway · Pasang free,Lepas 25 Oktober: tutup,WhatsApp sekarang,"Promo RM20 ni dah nak habis. Coway Neon, RM20 sebulan untuk 7 bulan pertama. Pasang free, plus Freegift Premium Coway. Lepas 25 Oktober, harga RM20 ni tutup. Sebelum jam ni kosong, WhatsApp sekarang.",33,talking_head,produk_guna
V06,S2-V06-v1.mp4,S2,Countdown,5,LAST CALL: 25 OKTOBER,RM20/bulan · 7 bulan pertama,+ Freegift Premium Coway · Pasang free,Sampai 25 Oktober je,WhatsApp sekarang,"Last call. RM20 sebulan, 7 bulan pertama, sampai 25 Oktober je. Coway Neon, pasang free, plus Freegift Premium Coway. Lepas tarikh tu, promo ulangtahun ni tutup. WhatsApp sekarang.",28,komersial,model_lain
V07,S2-V07-v1.mp4,S2,Countdown,6,MASIH SEMPAT SEBELUM 25 OKTOBER,RM20/bulan · 7 bulan pertama,+ Freegift Premium Coway · Pasang free,Lepas 25 Oktober: tutup,WhatsApp sekarang,"Kalau awak tengok video ni sebelum 25 Oktober, awak masih sempat. Coway Neon RM20 sebulan untuk 7 bulan pertama. Pasang free, Freegift Premium Coway. Lepas tu, promo ni tutup. Jangan tunggu esok. WhatsApp sekarang.",34,talking_head,susu_bayi
V08,S2-V08-v1.mp4,S2,Countdown,-,TINGGAL [x] HARI,RM20/bulan · 7 bulan pertama,+ Freegift Premium Coway · Pasang free,Tinggal [x] hari · Tamat 25 Oktober,WhatsApp sekarang,"Tinggal [x] hari je lagi. Lepas 25 Oktober, harga RM20 ni hilang. Sekarang? RM20 sebulan untuk 7 bulan pertama, pasang free, plus Freegift Premium Coway. Kira hari, bukan minggu. WhatsApp sekarang.",31,komersial,produk_guna
V09,S3-V09-v1.mp4,S3,Kalkulator Harga,3,BAWAH 70 SEN SEHARI,RM20 ÷ 30 hari = bawah 70 sen,+ Freegift Premium Coway · Pasang free,Promo Ulangtahun ke-20 · Tamat 25 Oktober,WhatsApp sekarang,"Bawah 70 sen sehari untuk air bersih satu rumah. RM20 sebulan, bahagi 30 hari. Itu harga Coway Neon untuk 7 bulan pertama. Plus Freegift Premium Coway, pasang free. Tamat 25 Oktober. WhatsApp sekarang, saya kira untuk rumah awak.",38,produk_guna,komersial
V10,S3-V10-v1.mp4,S3,Kalkulator Harga,-,RM20 SEBULAN. BUKAN SEHARI.,"RM20 sebulan, bukan sehari",+ Freegift Premium Coway · Pasang free,Promo Ulangtahun ke-20 · Tamat 25 Oktober,WhatsApp sekarang,"RM20 tu bukan sehari, bukan seminggu. Sebulan. Untuk 7 bulan pertama Coway Neon. Itu belum kira Freegift Premium Coway dan pasang free. Tapi harga ni berhenti 25 Oktober. WhatsApp sekarang.",30,komersial,produk_guna
V11,S3-V11-v1.mp4,S3,Kalkulator Harga,9,RM20 + FREEGIFT + PASANG FREE,RM20/bulan · 7 bulan pertama,+ Freegift Premium Coway · Pasang free,Promo Ulangtahun ke-20 · Tamat 25 Oktober,WhatsApp sekarang,RM20 sebulan untuk 7 bulan. Tambah Freegift Premium Coway. Tambah pasang free. Tiga-tiga dalam satu promo ulangtahun ke-20. Tamat 25 Oktober. Nak tunggu apa lagi? WhatsApp sekarang.,27,produk_guna,model_lain
V12,S3-V12-v1.mp4,S3,Kalkulator Harga,-,KIRA DULU SEBELUM SCROLL,7 × RM20 = RM140,+ Freegift Premium Coway · Pasang free,Promo Ulangtahun ke-20 · Tamat 25 Oktober,WhatsApp sekarang,"Kira dulu sebelum scroll. 7 bulan kali RM20, jadi RM140 je untuk 7 bulan pertama Coway Neon. Pasang free, Freegift Premium Coway pun dapat. Harga ni tamat 25 Oktober. WhatsApp sekarang, saya tunjuk kiraan penuh.",35,talking_head,produk_guna
V13,S4-V13-v1.mp4,S4,3 Sebab,9,3 SEBAB AMBIL BULAN NI,"1 · RM20/bulan, 7 bulan pertama",2 · Freegift Premium Coway,3 · Pasang free,WhatsApp sekarang,3 sebab ambil Coway Neon bulan ni. Satu: RM20 sebulan untuk 7 bulan pertama. Dua: Freegift Premium Coway. Tiga: pasang free. Semua tamat 25 Oktober. WhatsApp sekarang.,27,talking_head,produk_guna
V14,S4-V14-v1.mp4,S4,3 Sebab,8,SAYA BUKA UNTUK [5] ORANG JE,"1 · RM20/bulan, 7 bulan pertama",2 · Freegift Premium Coway,3 · Pasang free,WhatsApp sekarang,"Saya buka untuk [5] orang je. Sebab satu: RM20 sebulan, 7 bulan pertama. Dua: Freegift Premium Coway bagi yang pasang Coway Neon. Tiga: pasang free. Bila cukup [5], saya tutup. WhatsApp sekarang.",32,talking_head,komersial
V15,S4-V15-v1.mp4,S4,3 Sebab,-,3 SEBAB JANGAN TUNGGU BULAN DEPAN,"1 · RM20, 7 bulan pertama",2 · Freegift selagi promo,3 · Lepas 25 Oktober: tutup,WhatsApp sekarang,"3 sebab jangan tunggu bulan depan. Satu: RM20 sebulan untuk 7 bulan pertama ni harga ulangtahun ke-20 je. Dua: Freegift Premium Coway hanya selagi promo berjalan. Tiga: lepas 25 Oktober, harga RM20 ni tutup. WhatsApp sekarang.",36,komersial,produk_guna
V16,S4-V16-v1.mp4,S4,3 Sebab,-,3 BENDA AWAK DAPAT DENGAN RM20,1 · Coway Neon di dapur awak,2 · Freegift Premium Coway,3 · Pasang free,WhatsApp sekarang,"3 benda awak dapat dengan RM20 sebulan. Satu: Coway Neon terus di dapur awak. Dua: Freegift Premium Coway. Tiga: pasang free. Harga ni untuk 7 bulan pertama, tamat 25 Oktober. WhatsApp sekarang.",32,produk_guna,susu_bayi
V17,S5-V17-v1.mp4,S5,Kad Soalan Lazim,16,KENA BAYAR PENUH KE?,Tak payah bayar penuh,Ada hadiah? Freegift Premium Coway,Bila tamat? 25 Oktober,WhatsApp sekarang,"Kena bayar penuh ke? Tak, tak payah deposit pun. Berapa sebulan? RM20 untuk 7 bulan pertama. Ada hadiah? Ada, Freegift Premium Coway. Bila tamat? 25 Oktober. Soalan lain? WhatsApp sekarang, saya jawab.",32,komersial,produk_guna
V18,S5-V18-v1.mp4,S5,Kad Soalan Lazim,-,RM20 TU BETUL KE?,Betul. 7 bulan pertama.,Ada hadiah? Freegift Premium Coway,Sampai bila? 25 Oktober,WhatsApp sekarang,"RM20 tu betul ke? Betul, untuk 7 bulan pertama. Pasang kena bayar? Tak, pasang free. Ada hadiah? Freegift Premium Coway. Sampai bila? 25 Oktober. Lepas 7 bulan? WhatsApp sekarang, saya terangkan semua.",32,talking_head,produk_guna
V19,S5-V19-v1.mp4,S5,Kad Soalan Lazim,-,SOALAN PALING BANYAK MINGGU NI,Model apa? Coway Neon,Hadiah? Freegift Premium Coway,Tamat? 25 Oktober,WhatsApp sekarang,Soalan paling banyak saya dapat minggu ni. Promo RM20 tu model apa? Coway Neon. Berapa lama? 7 bulan pertama. Hadiah? Freegift Premium Coway. Tamat? 25 Oktober. Nak saya semak kawasan awak? WhatsApp sekarang.,33,talking_head,model_lain
V20,S5-V20-v1.mp4,S5,Kad Soalan Lazim,-,TUNGGU PROMO LAIN? BACA NI,Promo Ulangtahun ke-20,Bonus? Freegift + pasang free,Tamat? 25 Oktober,WhatsApp sekarang,"Tunggu promo lain? Ini promo ulangtahun ke-20 Coway. Harga? RM20 sebulan, 7 bulan pertama. Bonus? Freegift Premium Coway, pasang free. Tamat? 25 Oktober. Lepas tu? Promo tutup. WhatsApp sekarang.",29,komersial,susu_bayi
V21,S6-V21-v1.mp4,S6,Sekarang vs Tunggu,1,SEKARANG VS LEPAS 25 OKT,"Sekarang: RM20/bulan, 7 bulan pertama",+ Freegift Premium Coway · Pasang free,Lepas 25 Oktober: tiada promo,WhatsApp sekarang,"Sebelum 25 Oktober: Coway Neon RM20 sebulan untuk 7 bulan pertama, plus Freegift Premium Coway, pasang free. Lepas 25 Oktober: promo ni dah tiada. Bezanya satu tarikh je. WhatsApp sekarang.",30,komersial,produk_guna
V22,S6-V22-v1.mp4,S6,Sekarang vs Tunggu,20,KIRI ATAU KANAN?,"Kanan: RM20/bulan, 7 bulan pertama",+ Freegift Premium Coway · Pasang free,Kanan tamat 25 Oktober,WhatsApp sekarang,"Kiri: tunggu, tiada promo. Kanan: ambil sekarang, RM20 sebulan untuk 7 bulan pertama. Awak pilih yang mana? Plus Freegift Premium Coway, pasang free. Kanan tamat 25 Oktober. WhatsApp sekarang.",29,produk_guna,komersial
V23,S6-V23-v1.mp4,S6,Sekarang vs Tunggu,-,SAMA MESIN. BEZA TARIKH.,"Sebelum 25 Oktober: RM20, 7 bulan pertama",+ Freegift Premium Coway · Pasang free,Lepas 25 Oktober: hilang,WhatsApp sekarang,"Sama Coway Neon. Sama pasang free. Bezanya? Tarikh. Ambil sebelum 25 Oktober: RM20 sebulan untuk 7 bulan pertama, plus Freegift Premium Coway. Lepas tu, beza ni hilang. WhatsApp sekarang.",29,komersial,produk_guna
V24,S6-V24-v1.mp4,S6,Sekarang vs Tunggu,-,AMBIL SEKARANG VS TUNGGU,"Sekarang: RM20/bulan, 7 bulan pertama",+ Freegift Premium Coway,Lepas 25 Oktober: tiada promo,WhatsApp sekarang,"Ambil sekarang: RM20 sebulan untuk 7 bulan pertama, Freegift Premium Coway, pasang free. Tunggu lepas 25 Oktober: tiada RM20, tiada hadiah promo. Pilihan awak. Kalau pilih yang pertama, WhatsApp sekarang.",30,talking_head,susu_bayi
V25,S7-V25-v1.mp4,S7,Montaj ASMR,20,DENGAR NI.,RM20/bulan,7 bulan pertama · Ulangtahun ke-20,Tamat 25 Oktober,WhatsApp sekarang,Coway Neon RM20 sebulan untuk 7 bulan pertama. WhatsApp sekarang.,10,produk_guna,produk_guna
V26,S7-V26-v1.mp4,S7,Montaj ASMR,-,BUNYI AIR BERSIH. RM20.,RM20/bulan · 7 bulan pertama,+ Freegift Premium Coway,Tamat 25 Oktober,WhatsApp sekarang,Bunyi tu boleh ada di dapur awak dengan RM20 sebulan. WhatsApp sekarang.,12,produk_guna,model_lain
V27,S7-V27-v1.mp4,S7,Montaj ASMR,-,TEKAN. TUANG. MINUM.,RM20/bulan · 7 bulan pertama,Pasang free,Tamat 25 Oktober,WhatsApp sekarang,"Tekan, tuang, minum. RM20 sebulan, 7 bulan pertama. WhatsApp sekarang.",10,produk_guna,susu_bayi
V28,S8-V28-v1.mp4,S8,Pengumuman Ulangtahun,khas-1,COWAY 20 TAHUN DI MALAYSIA,RM20/bulan · 7 bulan pertama,+ Freegift Premium Coway · Pasang free,Promo Ulangtahun ke-20 · Tamat 25 Oktober,WhatsApp sekarang,"Coway sambut 20 tahun di Malaysia. Hadiahnya untuk awak: Coway Neon RM20 sebulan untuk 7 bulan pertama. Plus Freegift Premium Coway, pasang free. Promo ulangtahun ni tamat 25 Oktober. WhatsApp sekarang.",31,komersial,model_lain
V29,S8-V29-v1.mp4,S8,Pengumuman Ulangtahun,23,21 KELUARGA DAH SIAP PASANG,RM20/bulan · 7 bulan pertama,+ Freegift Premium Coway · Pasang free,Promo Ulangtahun ke-20 · Tamat 25 Oktober,WhatsApp sekarang,"21 keluarga dah siap pasang Coway Neon dengan saya bulan ni. Sebabnya promo ulangtahun ke-20: RM20 sebulan untuk 7 bulan pertama, Freegift Premium Coway, pasang free. Next, rumah awak. Tamat 25 Oktober. WhatsApp sekarang.",34,susu_bayi,produk_guna
V30,S8-V30-v1.mp4,S8,Pengumuman Ulangtahun,khas-3,SEMPENA ULANGTAHUN KE-20: RM20,RM20/bulan · 7 bulan pertama,+ Freegift Premium Coway · Pasang free,Promo Ulangtahun ke-20 · Tamat 25 Oktober,WhatsApp sekarang,"Sempena Ulangtahun Coway ke-20, Coway Neon dah boleh pasang dengan RM20. Itu harga 7 bulan pertama. Dapat Freegift Premium Coway, pasang free. Promo ulangtahun ni tamat 25 Oktober. WhatsApp sekarang.",30,komersial,komersial
