ID,Batch,Produk,Kategori,Gaya,Saat,Tajuk / Hook,Jalan cerita,Suara Gemini,Status,Link Google Drive
V01,1,Villaem 3,Cerita,A - Cerita Motion Graphic,42,"Raya tahun ni, 20 orang datang rumah mertua…","Air habis tiap jam, cerek tak menang tangan → tahun depan pasang Villaem 3 → tangki 11.4L, panas-sejuk-bilik serentak → ""raya ni tak ada siapa tunggu air""",Orus,Belum mula,
V02,1,Villaem 3,Cerita,B - Chat Story,40,Kenapa Villaem 3 lagi mahal dari model lain?,"Chat customer ragu → agent: beli sekali pakai lama, tangki terbesar, jarang rosak → customer: ""ok, nak slot pemasangan""",Aoede,Belum mula,
V03,2,Villaem 3,Edukasi,D - Explainer Diagram,38,Air dalam tangki penapis boleh basi ke?,Bakteria dalam tangki tertutup → lampu UV menyala → 99.9% bakteria dihapuskan → Villaem 3 buat ini automatik,Kore,Belum mula,
V04,2,Villaem 3,Produk,G - Infografik Nombor,35,11.4 liter tu banyak mana sebenarnya?,Botol 1.5L terisi satu-satu → ±7.6 botol → pecahan 6.1/2.6/2.7L → promo,Puck,Belum mula,
V05,1,Villaem 3,Produk,C - Kinetic Typography,32,Satu mesin. Lapan lebih suhu.,Panas masak → suam → bilik → sejuk (kinetic) → harga → CTA,Puck,Belum mula,
V06,2,Villaem 3,Cerita,I - Sehari Bersama,44,Sehari dalam rumah keluarga 6 orang,6:30 pagi air suam ubat · 1 petang air sejuk balik sekolah · 8 malam air panas maggi · tangki tak pernah kosong,Orus,Belum mula,
V07,3,Villaem 3,Edukasi,F - Mitos vs Fakta,38,Penapis besar = bil elektrik mahal?,MITOS dipangkah → FAKTA: ECO Mode; + Dual Lock keselamatan anak → Villaem 3,Kore,Belum mula,
V08,3,Villaem 3,Produk,E - Versus,42,Villaem 3 atau Neo Plus — mana satu untuk rumah anda?,"Kiri NP 5.8L / kanan V3 11.4L; ahli keluarga ≤3 vs 4+; ""pilih ikut rumah, bukan ikut harga""",Aoede,Belum mula,
N01,2,Neo Plus,Cerita,A - Cerita Motion Graphic,42,"Baru kahwin, baru pindah rumah sewa, bajet ketat…","Senarai barang dapur panjang → penapis air ""nanti dulu"" → rupanya RM59 dah dapat panas/sejuk/bilik + pemasangan percuma",Aoede,Belum mula,
N02,1,Neo Plus,Edukasi,D - Explainer Diagram,40,4 lapisan dalam Neo Plus — apa kerja setiap satu?,Neo-Sense (sedimen + pra-karbon) → membran RO → Inno-Sense (pasca-karbon + halus) → antibakteria,Kore,Belum mula,
N03,2,Neo Plus,Produk,G - Infografik Nombor,35,5.8 liter cukup untuk berapa orang?,Gelas terisi mengikut isi rumah → 2.5 / 2.3 / 1.0L → sesuai 2–4 orang → promo,Puck,Belum mula,
N04,3,Neo Plus,Cerita,B - Chat Story,40,"Duduk sorang, perlu ke penapis air?","Chat pekerja bujang → agent kira: air botol + gas masak air vs RM59 → ""ok la, pasang""",Orus,Belum mula,
N05,1,Neo Plus,Edukasi,H - Listicle,38,3 tanda air paip rumah anda perlukan penapis,1. bau klorin 2. keladak dalam cerek 3. kerak putih → penyelesaian: Neo Plus,Kore,Belum mula,
N06,2,Neo Plus,Produk,C - Kinetic Typography,30,Panas. Sejuk. Suhu bilik. RM59.,"Kinetic laju, 3 suhu, 4 penapis, pemasangan percuma, CTA",Puck,Belum mula,
N07,3,Neo Plus,Edukasi,J - Kuiz,35,Teka: berapa lapisan penapis dalam Neo Plus?,"A) 2 B) 3 C) 4 → 3-2-1 → C → terangkan ringkas → ""komen jawapan anda""",Aoede,Belum mula,
A01,2,Ais,Cerita,E - Versus,42,Setiap minggu beli ais plastik untuk tetamu…,"Kiri: angkut ais, cair, peti penuh / kanan: tekan butang, ais keluar → AIS 0.7 kg",Orus,Belum mula,
A02,3,Ais,Produk,D - Explainer Diagram,40,Macam mana ais dibuat dalam mesin sebesar ni?,Air RO → sistem ais keluli tahan karat → tangki ais 0.7 kg → berhenti sendiri bila penuh,Kore,Belum mula,
A03,3,Ais,Edukasi,F - Mitos vs Fakta,38,Ais pun dari air — tapi air apa?,"MITOS: ""ais semua sama"" → FAKTA: ais bersih bermula dari air ditapis RO",Kore,Belum mula,
A04,1,Ais,Produk,G - Infografik Nombor,38,RM120 sebulan — apa yang anda dapat sebenarnya?,"Air 3 suhu + ais + servis percuma 7 tahun, count-up nilai → Ice Lock & Hot Water Lock",Puck,Belum mula,
A05,4,Ais,Cerita,I - Sehari Bersama,44,Sehari di pejabat kecil 10 orang,9 pagi kopi panas · 12 tengahari air sejuk · 3 petang ais untuk teh o ais · malam sensor cahaya jimat tenaga,Aoede,Belum mula,
A06,4,Ais,Edukasi,J - Kuiz,35,"Lampu padam, mesin berhenti buat ais — kenapa?","Pilihan A/B/C → sensor cahaya kesan malam, kurangkan tenaga → ""bijak kan?""",Orus,Belum mula,
C01,1,Cinnamon,Cerita,I - Sehari Bersama,42,"Duduk flat tingkat 15, air paip lemah…",Pagi air menitis perlahan → penapis biasa lambat → Cinnamon ada booster pump → aliran stabil,Orus,Belum mula,
C02,2,Cinnamon,Produk,C - Kinetic Typography,30,RM32 sebulan. Air bersih. Itu je.,"Kinetic minimalis, RO, 5L, ½/1/2 cawan, CTA",Puck,Belum mula,
C03,3,Cinnamon,Edukasi,F - Mitos vs Fakta,38,Penapis murah mesti kualiti rendah?,"MITOS dipangkah → FAKTA: Cinnamon guna penapisan RO juga, cuma air suhu bilik sahaja",Kore,Belum mula,
C04,4,Cinnamon,Cerita,B - Chat Story,40,Mak tanya: mesin kecik ni boleh tahan ke?,"Chat anak-mak → servis berkala, penapis ditukar technician → mak setuju",Aoede,Belum mula,
C05,4,Cinnamon,Produk,H - Listicle,36,3 sebab Cinnamon sesuai untuk dapur kecil,1. saiz kompak 2. booster pump 3. tekan ½/1/2 cawan terus,Aoede,Belum mula,
D01,2,Dazzie,Cerita,A - Cerita Motion Graphic,42,Pukul 3 pagi. Baby menangis. Susu kena bancuh sekarang.,"Masak air, tunggu sejuk, uji di tangan → Dazzie: tekan 45°C terus → ibu tidur semula",Aoede,Belum mula,
D02,4,Dazzie,Produk,C - Kinetic Typography,30,45° susu. 70° teh. 85° kopi. 98° maggi.,Kinetic 4 suhu pratetap + kawalan isipadu → CTA,Puck,Belum mula,
D03,3,Dazzie,Edukasi,D - Explainer Diagram,40,Apa itu Nanotrap?,Virus/bakteria dalam air paip → membran Nanotrap perangkap → 99.999% Murine Norovirus + UV,Kore,Belum mula,
D04,1,Dazzie,Produk,E - Versus,38,Cerek + termos vs Dazzie,"Kiri: masak, tunggu, tuang, tunggu sejuk (jam berjalan) / kanan: 1 tekan → masa dijimat",Orus,Belum mula,
D05,4,Dazzie,Cerita,B - Chat Story,40,Isteri: nak buat susu anak kena tunggu air sejuk dulu…,"Chat suami-isteri → suami tanya agent → Dazzie 45°C → ""order hari ni""",Aoede,Belum mula,
E01,2,Neon,Cerita,A - Cerita Motion Graphic,40,Siap reno dapur tema pastel… penapis air pun kena match,"Dapur cantik tapi penapis lama kelabu → Neon 5 warna → ""cantik dan bersih""",Aoede,Belum mula,
E02,1,Neon,Produk,J - Kuiz,35,Warna dapur anda yang mana?,"Pilih: Peach Pink / Mint Green / Ciel Blue / Pebble Gray / Porcelain White → ""komen warna pilihan""",Puck,Belum mula,
E03,3,Neon,Edukasi,H - Listicle,40,4 logam berat yang boleh ada dalam paip lama,Merkuri · plumbum · besi · aluminium → Nanotrap Neon tapis → promo,Kore,Belum mula,
E04,4,Neon,Produk,H - Listicle,36,3 ciri keselamatan untuk rumah ada anak kecil,1. kunci kanak-kanak 2. muncung panjang elak tumpah 3. Eco Mode,Aoede,Belum mula,
E05,4,Neon,Produk,E - Versus,40,Bajet rendah: Neon atau Cinnamon?,"Kiri CN: bilik sahaja, paling murah / kanan NE: panas-sejuk-bilik + warna → pilih ikut keperluan",Orus,Belum mula,
G01,1,Coway umum,Edukasi,F - Mitos vs Fakta,38,"Air paip dah dirawat, tak perlu tapis lagi?","MITOS → FAKTA: air dirawat di loji, tapi melalui paip & tangki rumah → penapis di hujung",Kore,Belum mula,
G02,3,Coway umum,Edukasi,G - Infografik Nombor,40,Berapa keluarga anda habis beli air botol setahun?,Kalkulator: 4 orang × 2L/hari → botol & RM setahun → banding sewa Coway (andaian ditulis jelas di skrin),Puck,Belum mula,
G03,4,Coway umum,Cerita,I - Sehari Bersama,44,Ikut technician Coway sehari,"Ketuk pintu → tukar penapis → cuci tangki → uji air → rumah seterusnya; ""servis setiap 2/4 bulan""",Orus,Belum mula,
G04,4,Coway umum,Produk,J - Kuiz,40,10 saat: model Coway mana untuk anda?,Soalan pokok keputusan: ada bayi? → Dazzie · nak ais? → AIS · keluarga besar? → V3 · bajet? → CN/NP,Aoede,Belum mula,
