id,tag,file,w,h,fps,dur,audio
C01,talking_head,Man_talking_about_water_purifier_202607150152.mp4,720,1280,24.0,10.01,True
C02,talking_head,Man_talking_about_water_purifier_202608010730.mp4,720,1280,24.0,10.01,True
C03,talking_head,Man_recommending_water_purifier_1080p_20260917132342.mp4,1080,1920,24.0,10.0,True
C04,talking_head,Man_presenting_water_purifier_fe…_20260915233757.mp4,1080,1920,24.0,10.0,True
C05,talking_head,Presenter_demonstrating_water_pu…_1080p_20260915233814.mp4,1080,1920,24.0,10.0,True
C06,talking_head,Man_reviewing_water_purifier_202608261344.mp4,720,1280,24.0,10.01,True
C07,talking_head,Man_reviewing_water_filter_in_202608131118.mp4,1280,720,24.0,10.01,True
C08,talking_head,Woman_beside_water_purifier_202608030127.mp4,720,1280,24.0,10.01,True
C09,talking_head,Woman_beside_water_purifier_202608030140.mp4,720,1280,24.0,10.01,True
C10,talking_head,Man_presenting_water_dispenser_1080p_20260916004407.mp4,1080,1920,24.0,10.0,True
C11,talking_head,Man_recording_product_video_kitchen_202608261317.mp4,720,1280,24.0,10.01,True
C12,talking_head,Creating_UGC_video_script_202608261318.mp4,720,1280,24.0,10.01,True
C13,talking_head,Coway_salesman_promotional_videos_202607081336.mp4,720,1280,24.0,10.01,True
C14,produk_guna,Hand_using_water_purifier_counter_20260926125236.mp4,720,1280,24.0,10.01,True
C15,produk_guna,Woman_operating_water_purifier_202608250309.mp4,720,1280,24.0,10.01,True
C16,produk_guna,Person_operating_water_purifier_202608250400.mp4,720,1280,24.0,10.01,True
C17,produk_guna,Woman_using_water_purifier_202607201605.mp4,720,1280,24.0,10.01,True
C18,produk_guna,Person_pointing_at_water_filter_202608131104.mp4,1280,720,24.0,10.01,True
C19,produk_guna,Water_purifier_video_production_…_202608250415.mp4,720,1280,24.0,10.01,True
C20,produk_guna,Water_purifier_video_production_…_202608261344.mp4,720,1280,24.0,10.01,True
C21,produk_guna,Water_purifier_video_script_gene…_202608261344.mp4,720,1280,24.0,10.01,True
C22,produk_guna,Water_dispenser_video_script_pro…_202608261318.mp4,720,1280,24.0,10.01,True
C23,susu_bayi,Preparing_baby_milk_at_night_202608131529.mp4,1280,720,24.0,10.01,True
C24,susu_bayi,Preparing_baby_milk_at_night_202608122336.mp4,720,1280,24.0,10.01,True
C25,susu_bayi,Preparing_midnight_baby_milk_202608041136.mp4,1280,720,24.0,10.01,True
C26,susu_bayi,Woman_preparing_milk_at_night_202608131208.mp4,1280,720,24.0,10.01,True
C27,susu_bayi,Woman_preparing_baby_milk_at_202608211618.mp4,720,1280,24.0,10.01,True
C28,susu_bayi,Woman_preparing_baby_milk_at_202607260117.mp4,720,1280,24.0,10.01,True
C29,susu_bayi,Woman_preparing_baby_bottle_water_202608211612.mp4,720,1280,24.0,10.01,True
C30,susu_bayi,Preparing_milk_with_water_dispenser_202608141400.mp4,1280,720,24.0,10.01,True
C31,susu_bayi,Preparing_baby_milk_with_dispenser_202608211557.mp4,720,1280,24.0,10.01,True
C32,susu_bayi,Parent_preparing_milk_using_wate…_20260918163820.mp4,1080,1920,24.0,10.0,True
C33,susu_bayi,Parent_preparing_baby_bottle_1080p_20260918163845.mp4,1080,1920,24.0,10.0,True
C34,susu_bayi,Preparing_baby_bottle_with_water_20260917135112.mp4,1080,1920,24.0,10.0,True
C35,susu_bayi,Preparing_baby_bottle_with_water…_202609070100.mp4,720,1280,24.0,10.01,True
C36,komersial,Coway_water_filter_video_promo_20260921225210.mp4,1080,1920,24.0,10.0,True
C37,komersial,Coway_promotional_video_script_1080p_20260921225345.mp4,1080,1920,24.0,10.0,True
C38,komersial,Coway_promotional_video_producti…_1080p_20260921224312.mp4,1080,1920,24.0,10.0,True
C39,komersial,Coway_promotional_video_production_1080p_20260922003240.mp4,1080,1920,24.0,10.0,True
C40,komersial,Coway_water_purifiers_commercial…_1080p_20260922012251.mp4,1080,1920,24.0,10.0,True
C41,komersial,Commercial_video_for_Coway_products_20260922012248.mp4,1080,1920,24.0,10.0,True
C42,komersial,Coway_commercial_video_production_1080p_20260922015747.mp4,1080,1920,24.0,10.0,True
C43,komersial,Coway_commercial_video_production_1080p_20260922020049.mp4,1080,1920,24.0,10.0,True
C44,komersial,Coway_product_commercial_video_p…_20260924000311.mp4,1080,1920,24.0,10.0,True
C45,komersial,Product_commercial_video_prompt_1080p_20260924000316.mp4,1080,1920,24.0,10.0,True
C46,komersial,Coway_showroom_promotional_video_1080p_20260922004001.mp4,1080,1920,24.0,10.0,True
C47,komersial,Product_advertisement_for_water_…_20260916002355.mp4,1080,1920,24.0,6.0,True
C48,komersial,OMNI_VIDEO_PROMPT_1080p_202607101228.mp4,1080,1920,24.0,10.0,True
C49,model_lain,Man_promoting_Coway_Villaem_202608011053.mp4,720,1280,24.0,10.01,True
C50,model_lain,Man_promoting_Coway_Villaem_202608010843.mp4,720,1280,24.0,10.01,True
C51,model_lain,Woman_promoting_Coway_Villaem_202608030139.mp4,720,1280,24.0,10.01,True
C52,model_lain,Dispensing_ice_into_glass_202608250302.mp4,720,1280,24.0,10.01,True
C53,model_lain,AIS_2_202609070101.mp4,720,1280,24.0,30.0,True
C54,model_lain,AIS_3_202609070057.mp4,720,1280,24.0,20.0,True
C55,semak_dulu,Initial_Scene_-_2026-08-20_202608201540.mp4,720,1280,24.0,10.01,True
C56,semak_dulu,Untitled_Scene_09-04_19_12_02_202609050325.mp4,720,1280,24.0,20.0,True
C57,semak_dulu,Untitled_Scene_09-04_19_12_02_202609050354.mp4,720,1280,24.0,20.0,True
C58,semak_dulu,Untitled_Scene_09-04_19_12_02_202609070115.mp4,720,1280,24.0,20.0,True
C59,semak_dulu,Untitled_Scene_09-07_05_00_18_202609071406.mp4,720,1280,24.0,20.0,True
C60,semak_dulu,Untitled_Scene_09-18_08_10_59_20260918161304.mp4,720,1280,24.0,20.0,True
