id,file,tag_asal,tag_cadangan,sepadan,model_dilihat,teks_tertanam,boleh_shot_RM20,resolusi,tempoh_s,nota
C01,Man_talking_about_water_purifier_202607150152.mp4,talking_head,talking_head,ya,Neon hitam?,RM20 Sebulan / Claim Promo Sekarang,tidak,720x1280,10.01,teks harga+promo tertanam (peraturan 7)
C02,Man_talking_about_water_purifier_202608010730.mp4,talking_head,talking_head,ya,Neon putih,RM20 JE SEBULAN! / WhatsApp Saya,tidak,720x1280,10.01,teks harga tertanam tanpa '7 bulan pertama' (peraturan 1/7)
C03,Man_recommending_water_purifier_1080p_20260917132342.mp4,talking_head,talking_head,ya,Neon biru,-,ya,1080x1920,10.0,bersih
C04,Man_presenting_water_purifier_fe…_20260915233757.mp4,talking_head,model_lain,TIDAK,Villaem 3 hitam,TOTAL CAPACITY 11.4L,tidak,1080x1920,10.0,bukan Neon (tangki 11.4L = Villaem 3)
C05,Presenter_demonstrating_water_pu…_1080p_20260915233814.mp4,talking_head,model_lain,TIDAK,Villaem 3 hitam,-,tidak,1080x1920,10.0,bukan Neon (tangki besar + UV = Villaem 3)
C06,Man_reviewing_water_purifier_202608261344.mp4,talking_head,produk_guna,TIDAK,Neon pink,-,ya,720x1280,10.01,tiada orang bercakap - shot produk
C07,Man_reviewing_water_filter_in_202608131118.mp4,talking_head,produk_guna,TIDAK,Neon pink,kapsyen ciri (Penapis air mesra dapur apartment...),segmen,1280x720,10.01,landscape 1280x720; kapsyen tertanam bertindih dengan teks kita
C08,Woman_beside_water_purifier_202608030127.mp4,talking_head,talking_head,ya,Neon pink,RM20 JE SEBULAN! / WhatsApp Saya,tidak,720x1280,10.01,teks harga tertanam (peraturan 1/7)
C09,Woman_beside_water_purifier_202608030140.mp4,talking_head,talking_head,ya,Neon pink,RM20 JE SEBULAN! / WhatsApp Saya,tidak,720x1280,10.01,teks harga tertanam (peraturan 1/7)
C10,Man_presenting_water_dispenser_1080p_20260916004407.mp4,talking_head,model_lain,TIDAK,Villaem 3 hitam,SEBAB UTAMA ORANG SUKA VILLAEM 3 / 8 PILIHAN SUHU,tidak,1080x1920,10.0,bukan Neon
C11,Man_recording_product_video_kitchen_202608261317.mp4,talking_head,produk_guna,TIDAK,Neon pink,Minggu ni order... / Klik link WhatsApp di bawah,tidak,720x1280,10.01,kapsyen CTA lain (peraturan 3); tiada orang bercakap
C12,Creating_UGC_video_script_202608261318.mp4,talking_head,produk_guna,TIDAK,Neon pink,Penapis Air Bawah Paling Jimat? / Surirumah Boleh Apply / Ada CTOS Pun Lepas!,tidak,720x1280,10.01,dakwaan kelayakan tertanam; tiada orang bercakap
C13,Coway_salesman_promotional_videos_202607081336.mp4,talking_head,talking_head,ya,tiada produk,-,tidak,720x1280,10.01,"jurujual sahaja, tiada Neon - babak tanpa harga sahaja"
C14,Hand_using_water_purifier_counter_20260926125236.mp4,produk_guna,model_lain,TIDAK,Coway Ice/AIS hitam,-,tidak,720x1280,10.01,"bukan Neon (paparan 250, ais)"
C15,Woman_operating_water_purifier_202608250309.mp4,produk_guna,model_lain,TIDAK,Coway Ice/AIS hitam,-,tidak,720x1280,10.01,bukan Neon (ais)
C16,Person_operating_water_purifier_202608250400.mp4,produk_guna,model_lain,TIDAK,Coway Ice/AIS hitam,-,tidak,720x1280,10.01,bukan Neon (ais)
C17,Woman_using_water_purifier_202607201605.mp4,produk_guna,produk_guna,ya,Neon putih,-,ya,720x1280,10.01,bersih
C18,Person_pointing_at_water_filter_202608131104.mp4,produk_guna,produk_guna,ya,Neon pink,kapsyen ciri,segmen,1280x720,10.01,landscape 1280x720; kapsyen tertanam
C19,Water_purifier_video_production_…_202608250415.mp4,produk_guna,model_lain,TIDAK,Coway Ice/AIS kelabu,-,tidak,720x1280,10.01,"bukan Neon (paparan 190, ais)"
C20,Water_purifier_video_production_…_202608261344.mp4,produk_guna,produk_guna,ya,Neon pink,-,ya,720x1280,10.01,bersih
C21,Water_purifier_video_script_gene…_202608261344.mp4,produk_guna,produk_guna,ya,Neon pink,-,ya,720x1280,10.01,bersih
C22,Water_dispenser_video_script_pro…_202608261318.mp4,produk_guna,produk_guna,ya,Neon pink,Ada 3 3 pilihan suhu air / Mudah bancuh susu anak / Tak perlu simpan air dalam peti ais,segmen,720x1280,10.01,kapsyen tertanam (ada typo '3 3')
C23,Preparing_baby_milk_at_night_202608131529.mp4,susu_bayi,susu_bayi,ya,Neon putih,-,ya,1280x720,10.01,landscape 1280x720
C24,Preparing_baby_milk_at_night_202608122336.mp4,susu_bayi,susu_bayi,ya,Neon mint,-,ya,720x1280,10.01,bersih
C25,Preparing_midnight_baby_milk_202608041136.mp4,susu_bayi,susu_bayi,ya,Neon putih,-,ya,1280x720,10.01,landscape 1280x720
C26,Woman_preparing_milk_at_night_202608131208.mp4,susu_bayi,susu_bayi,ya,Neon pink,-,ya,1280x720,10.01,landscape 1280x720
C27,Woman_preparing_baby_milk_at_202608211618.mp4,susu_bayi,susu_bayi,ya,Neon putih,RM20 dah boleh pasang (sepanjang klip),tidak,720x1280,10.01,teks harga tertanam (peraturan 1/7)
C28,Woman_preparing_baby_milk_at_202607260117.mp4,susu_bayi,susu_bayi,ya,Neon putih,-,ya,720x1280,10.01,bersih
C29,Woman_preparing_baby_bottle_water_202608211612.mp4,susu_bayi,susu_bayi,ya,Neon putih,RM20 dah boleh pasang (hujung klip),segmen,720x1280,10.01,guna bahagian awal sahaja
C30,Preparing_milk_with_water_dispenser_202608141400.mp4,susu_bayi,susu_bayi,ya,Neon pink,-,ya,1280x720,10.01,landscape 1280x720
C31,Preparing_baby_milk_with_dispenser_202608211557.mp4,susu_bayi,susu_bayi,ya,Neon mint,-,ya,720x1280,10.01,bersih
C32,Parent_preparing_milk_using_wate…_20260918163820.mp4,susu_bayi,susu_bayi,ya,Neon biru,-,ya,1080x1920,10.0,bersih
C33,Parent_preparing_baby_bottle_1080p_20260918163845.mp4,susu_bayi,susu_bayi,ya,Neon biru,-,segmen,1080x1920,10.0,separuh akhir botol sahaja (tiada mesin)
C34,Preparing_baby_bottle_with_water_20260917135112.mp4,susu_bayi,susu_bayi,ya,Neon biru,-,segmen,1080x1920,10.0,separuh akhir botol sahaja (tiada mesin)
C35,Preparing_baby_bottle_with_water…_202609070100.mp4,susu_bayi,susu_bayi,ya,Neon putih,RM20 dah boleh pasang / Promo RM20/bulan! Tekan bawah,tidak,720x1280,10.01,teks harga+CTA tertanam (peraturan 1/3/7)
C36,Coway_water_filter_video_promo_20260921225210.mp4,komersial,model_lain,TIDAK,showroom: Ice/AIS hitam + Neon biru,-,tidak,1080x1920,10.0,majoriti Coway Ice; Neon hanya di tepi
C37,Coway_promotional_video_script_1080p_20260921225345.mp4,komersial,model_lain,TIDAK,Villaem 3 hitam,'Premium HERO SHOT' (artifak AI),tidak,1080x1920,10.0,bukan Neon + teks artifak
C38,Coway_promotional_video_producti…_1080p_20260921224312.mp4,komersial,komersial,ya,Ice hitam + Neon biru,ADA AIS / PELBAGAI PILIHAN / PROMO DAH NAK HABIS WHATSAPP SEKARANG,tidak,1080x1920,10.0,teks promo tertanam (peraturan 7)
C39,Coway_promotional_video_production_1080p_20260922003240.mp4,komersial,komersial,ya,showroom campur + Neon biru,-,segmen,1080x1920,10.0,shot Neon biru solo sekitar 5-7s
C40,Coway_water_purifiers_commercial…_1080p_20260922012251.mp4,komersial,model_lain,TIDAK,showroom: Villaem/Ice hitam,-,tidak,1080x1920,10.0,Neon hampir tiada
C41,Commercial_video_for_Coway_products_20260922012248.mp4,komersial,komersial,ya,Neon biru solo -> showroom campur,-,segmen,1080x1920,10.0,0-2.5s Neon biru solo
C42,Coway_commercial_video_production_1080p_20260922015747.mp4,komersial,komersial,ya,showroom campur,-,segmen,1080x1920,10.0,Neon biru di hujung klip
C43,Coway_commercial_video_production_1080p_20260922020049.mp4,komersial,model_lain,TIDAK,showroom: Ice hitam,-,tidak,1080x1920,10.0,Neon kecil di tepi sahaja
C44,Coway_product_commercial_video_p…_20260924000311.mp4,komersial,model_lain,TIDAK,Coway Ice/AIS hitam,-,tidak,1080x1920,10.0,bukan Neon
C45,Product_commercial_video_prompt_1080p_20260924000316.mp4,komersial,komersial,ya,Neon biru -> showroom campur,-,segmen,1080x1920,10.0,0-5s Neon biru guna
C46,Coway_showroom_promotional_video_1080p_20260922004001.mp4,komersial,komersial,ya,showroom berlabel VILLAEM 3/ICE/NEON,label produk,segmen,1080x1920,10.0,Neon biru solo di hujung klip
C47,Product_advertisement_for_water_…_20260916002355.mp4,komersial,jangan_guna,TIDAK,Villaem 3 hitam,SERENDAH RM20 DAH BOLEH PASANG / TEKAN LINK DI BAWAH,tidak,1080x1920,6.0,bukan Neon + harga & CTA tertanam
C48,OMNI_VIDEO_PROMPT_1080p_202607101228.mp4,komersial,produk_guna,TIDAK,Neon 5 warna,PENAPIS AIR TAK SEMESTINYA PUTIH / 5 PILIHAN WARNA / LOOK PREMIUM / PANAS SEJUK SUHU BILIK,segmen,1080x1920,10.0,Neon betul tapi kapsyen tertanam sepanjang klip
C49,Man_promoting_Coway_Villaem_202608011053.mp4,model_lain,model_lain,ya,Villaem putih,HANYA RM20 SEBULAN / Gabung 3 Promosi / Whatsapp sekarang,tidak,720x1280,10.01,promo lama tertanam (peraturan 7) - tak boleh b-roll pun
C50,Man_promoting_Coway_Villaem_202608010843.mp4,model_lain,model_lain,ya,Villaem putih,HANYA RM20 SEBULAN / Gabung 3 Promosi,tidak,720x1280,10.01,promo lama tertanam (peraturan 7)
C51,Woman_promoting_Coway_Villaem_202608030139.mp4,model_lain,model_lain,ya,Villaem putih,HANYA RM20 SEBULAN / Gabung 3 Promosi / Whatsapp sekarang,tidak,720x1280,10.01,promo lama tertanam (peraturan 7)
C52,Dispensing_ice_into_glass_202608250302.mp4,model_lain,model_lain,ya,Coway Ice/AIS hitam,-,tidak,720x1280,10.01,bersih - b-roll tanpa harga sahaja
C53,AIS_2_202609070101.mp4,model_lain,model_lain,ya,Coway Ice/AIS hitam,BARU ISI / SENANG ADA COWAY AIS / PROMOSI BERMULA RM20,tidak,720x1280,30.0,promo tertanam (peraturan 7)
C54,AIS_3_202609070057.mp4,model_lain,model_lain,ya,Coway Ice/AIS hitam,AIS TERUS TERSEDIA / UNTUK 7 BULAN,tidak,720x1280,20.0,promo tertanam (peraturan 7)
C55,Initial_Scene_-_2026-08-20_202608201540.mp4,semak_dulu,jangan_guna,TIDAK,tilam Coway,-,tidak,720x1280,10.01,tilam - bukan penapis air
C56,Untitled_Scene_09-04_19_12_02_202609050325.mp4,semak_dulu,model_lain,TIDAK,Villaem 3 putih,Beli Penapis Air Biar Puas Hati! / Tangki Paling Besar / Servis 2 Atau 4 Bulan,tidak,720x1280,20.0,bukan Neon + kapsyen
C57,Untitled_Scene_09-04_19_12_02_202609050354.mp4,semak_dulu,model_lain,TIDAK,Villaem 3 putih,sama seperti C56,tidak,720x1280,20.0,pendua C56
C58,Untitled_Scene_09-04_19_12_02_202609070115.mp4,semak_dulu,model_lain,TIDAK,Villaem 3 putih,sama seperti C56,tidak,720x1280,20.0,pendua C56
C59,Untitled_Scene_09-07_05_00_18_202609071406.mp4,semak_dulu,jangan_guna,TIDAK,washer-dryer,TAK PERLU SIDAI LAGI ...,tidak,720x1280,20.0,mesin basuh
C60,Untitled_Scene_09-18_08_10_59_20260918161304.mp4,semak_dulu,susu_bayi,TIDAK,Neon biru,-,ya,720x1280,20.0,jelas Neon - boleh guna
